id,text,lang,author_id,timestamp
1615647111726485506,RT @Mippcivzla: #PublicacionesMippCI üìö | Temblor De P√°jaros. Descargue aqu√≠ üì• https://t.co/fuJcU6x24x https://t.co/cdCqfZDXPE,es,1582488900173545479,2023-01-18 10:47:49.722
,,,,2023-01-18 10:47:57.712
1615647256278966276,RT @Cooperativa: #CooperativaContigo SHOA descart√≥ que terremoto en Indonesia provoque tsunami en Chile https://t.co/rcMvYLO12S https://t.c‚Ä¶,es,1511844766475902978,2023-01-18 10:48:23.489
1615647340907347970,"RT @ChileAlertaApp: New #Earthquake. üåé
5.4 (M) - 238 km al noroeste de Sofifi - Indonesia.
2023/01/18 08:01:23 UTC.
App: https://t.co/RblVN‚Ä¶",ca,716967183750983681,2023-01-18 10:48:44.712
1615647383630807040,RT @Mippcivzla: #PublicacionesMippCI üìö | Temblor De P√°jaros. Descargue aqu√≠ üì• https://t.co/fuJcU6x24x https://t.co/cdCqfZDXPE,es,1597406294071250944,2023-01-18 10:48:54.751
1615647426475589632,"Terremoto M6.8 nel Mar delle Molucche (Indonesia), 18 gennaio 2023 https://t.co/ApHpUglRmi",it,808019276401614849,2023-01-18 10:49:04.582
1615647435996680193,"RT @Mippcivzla: #PublicacionesMippCI üìö | Temblor De P√°jaros. Descargue aqu√≠ üì• https://t.co/fuJcU6x24x
#SancionaLasSanciones https://t.co/6R‚Ä¶",es,1613669829474488322,2023-01-18 10:49:06.728
1615647447111565312,@TrafalgarL9 ‡∏ï‡∏≤‡∏°,th,1395412187137536002,2023-01-18 10:49:09.594
1615647461107810306,"RT @BBFFLuchaCyl: En 1999 Espa√±a se incorpor√≥ al Euro üí∂
En 1999 Michael Jordan se retira ‚õπÔ∏è
En 1999 Murcia registra un terremoto de magnitu‚Ä¶",es,965662494,2023-01-18 10:49:12.671
1615647473032392707,"RT @robertomalaver: CUMAN√Å
18/01/1929: un violento terremoto destruye la ciudad venezolana de Cuman√°.-w- https://t.co/FzPq2i9kWY",es,1556079444862930944,2023-01-18 10:49:15.74
1615647488844644352,RT @Mippcivzla: #PublicacionesMippCI üìö | Temblor De P√°jaros. Descargue aqu√≠ üì• https://t.co/fuJcU6x24x https://t.co/cdCqfZDXPE,es,1556079444862930944,2023-01-18 10:49:19.531
1615647515977699330,"üìå #ElObservatorioInforma Sismo mag. 2.7, en territorio Guatemalteco. A 7.0 km al noroeste de San Lorenzo. Prof. 8 km. [2023-01-18, 03:39:23] https://t.co/EeCOaiFrAa",es,148411366,2023-01-18 10:49:26.596
1615647535019819009,"@alferma1 Y tanto!
Ten√©is montada la ciclog√©nesis explosiva, el tsunami y el terremoto XXL, cuerpo a tierra y s√°lvese quien pueda.
Qui√©n con ni√±os se acuesta, meado se levanta",es,1332701131408093188,2023-01-18 10:49:30.483
1615647588296060928,RT @Mippcivzla: #PublicacionesMippCI üìö | Temblor De P√°jaros. Descargue aqu√≠ üì• https://t.co/fuJcU6x24x https://t.co/cdCqfZDXPE,es,1582114458951946240,2023-01-18 10:49:43.614
1615647642184482816,RT @Mippcivzla: #PublicacionesMippCI üìö | Temblor De P√°jaros. Descargue aqu√≠ üì• https://t.co/fuJcU6x24x https://t.co/cdCqfZDXPE,es,1597315788834234375,2023-01-18 10:49:56.907
1615647714271715328,#Terremoto #earthquake 7.2 magnitud https://t.co/9ZELgx8hT6,fr,919028839,2023-01-18 10:50:13.699
1615647795532161025,"RT @MedioAmbienteSV: üìå #ElObservatorioInforma Sismo mag. 2.7, en territorio Guatemalteco. A 7.0 km al noroeste de San Lorenzo. Prof. 8 km.‚Ä¶",es,1332137611448754176,2023-01-18 10:50:32.643
1615647807934693376,@mabra01 Questo video risale alla scossa di diversi mesi fa.,it,722093516755755008,2023-01-18 10:50:35.657
1615647887618150402,"RT @robertomalaver: CUMAN√Å
18/01/1929: un violento terremoto destruye la ciudad venezolana de Cuman√°.-w- https://t.co/FzPq2i9kWY",es,932671889113321472,2023-01-18 10:50:54.762
1615647968807321601,RT @Mippcivzla: #PublicacionesMippCI üìö | Temblor De P√°jaros. Descargue aqu√≠ üì• https://t.co/fuJcU6x24x https://t.co/cdCqfZDXPE,es,1611691817178742784,2023-01-18 10:51:13.909
1615648085002125313,Sismo de magnitud 7 sacude el este de Indonesia https://t.co/N51IALrPmN,es,124172948,2023-01-18 10:51:41.559
1615648138601107457,"RT @robertomalaver: CUMAN√Å
18/01/1929: un violento terremoto destruye la ciudad venezolana de Cuman√°.-w- https://t.co/FzPq2i9kWY",es,1392421402783932416,2023-01-18 10:51:55.072
1615648165906026498,"Sismo magnitud 4.3: 63 km W de Tarauac√°, Brazil. 17 de Enero, 09:59UTC, profundidad: 636km.

 - https://t.co/Rs9BArZMMZ #sismos #terremotos #earthquakes #alertasismica https://t.co/P7Q2aVatiF",es,2552946000,2023-01-18 10:52:00.505
1615648173996785664,"Sismo magnitud 4.4: 69 km SW de Ca√±ete, Chile. 17 de Enero, 11:53UTC, profundidad: 22km.

 - https://t.co/10RCYebpBp #sismos #terremotos #earthquakes #alertasismica https://t.co/9sUVzuFNTr",es,2552946000,2023-01-18 10:52:02.574
1615648182054133760,@Jinzienzo Que rico,es,1575951433215655940,2023-01-18 10:52:04.806
1615648182142210048,"Sismo magnitud 4.4: 42 km N de Pucallpa, Peru. 17 de Enero, 16:45UTC, profundidad: 158km.

 - https://t.co/l6iIYhAYVr #sismos #terremotos #earthquakes #alertasismica https://t.co/LFfsRXhouF",es,2552946000,2023-01-18 10:52:04.43
1615648189989748737,"Sismo magnitud 4.4: 96 km NNE de Taltal, Chile. 17 de Enero, 18:05UTC, profundidad: 60km.

 - https://t.co/MM5B5zwfGc #sismos #terremotos #earthquakes #alertasismica https://t.co/CO4IbCWSit",es,2552946000,2023-01-18 10:52:06.481
1615648198445391873,"Sismo magnitud 4.3: 53 km SSW de Atico, Peru. 17 de Enero, 18:40UTC, profundidad: 48km.

 - https://t.co/R2kTWKKOWh #sismos #terremotos #earthquakes #alertasismica https://t.co/iTJ8U7uPVQ",es,2552946000,2023-01-18 10:52:08.592
1615648207463235586,"Sismo magnitud 4.3: Atacama, Chile. 17 de Enero, 19:08UTC, profundidad: 124km.

 - https://t.co/kTKdNj30Fk #sismos #terremotos #earthquakes #alertasismica https://t.co/moXU4ZtKZZ",es,2552946000,2023-01-18 10:52:10.616
1615648219349897217,"Sismo magnitud 4.2: 5 km S de Santa B√°rbara, Guatemala. 18 de Enero, 02:20UTC, profundidad: 121km. Intensidad reportada I

 - https://t.co/fDmpzP6kDe #sismos #terremotos #earthquakes #alertasismica https://t.co/OlsuPTuzQz",es,2552946000,2023-01-18 10:52:13.61
1615648228367556608,"Sismo magnitud 7.0: 154 km NW de Tobelo, Indonesia. 18 de Enero, 06:06UTC, profundidad: 48km. Intensidad reportada III calculada VI

 - https://t.co/7xE4hiQrOa #sismos #terremotos #earthquakes #alertasismica https://t.co/RCbkenA7nH",es,2552946000,2023-01-18 10:52:15.676
1615648486191415296,"Antes de introducir su intimidad en su boca llev√≥ la mano de la cabeza a sus labios. Presiona con el pulgar el labio inferior, tirando de este, y acto seguido introduce √≠ndice y coraz√≥n, ambos juntos, y comienza a presionar su sinhueso.

""Chupa."" https://t.co/Zl24yAwH2L",es,1527059544949633025,2023-01-18 10:53:17.71
1615648503639977984,#SancionaLasSanciones https://t.co/nZNg7Z02fm,qht,192752688,2023-01-18 10:53:21.707
1615648516638134272,RT @costanzo5500: #Terremoto #earthquake 7.2 magnitud,fr,17548465,2023-01-18 10:53:24.779
1615648562741903360,RT @la_patilla: Sismo de magnitud 7 sacude el este de Indonesia https://t.co/N51IALrPmN,es,1195219489685692416,2023-01-18 10:53:35.633
1615648573873348613,"RT @teleSURtv: Un #Sismo de magnitud 7.0 se registr√≥ en el mar de #Molucas a m√°s de 150 kil√≥metros de #Indonesia üáÆüá©, generando una alerta d‚Ä¶",es,78570989,2023-01-18 10:53:38.604
1615648633902202883,RT @Mippcivzla: #PublicacionesMippCI üìö | Temblor De P√°jaros. Descargue aqu√≠ üì• https://t.co/fuJcU6x24x https://t.co/cdCqfZDXPE,es,1615070084455694340,2023-01-18 10:53:53.864
1615648633717772289,RT @iconaclima: Forte #terremoto nel mare dell'Indonesia: scossa di M 7.1 a 60 km di profondit√† ben avvertita dalla popolazione. Non si esc‚Ä¶,it,2177212009,2023-01-18 10:53:52.634
1615648669096898560,"RT @leandroruschel: O @ggreenwald est√° provocando um verdadeiro terremoto na esquerda brasileira, pois est√° expondo para o mundo a onda aut‚Ä¶",pt,1270643058,2023-01-18 10:54:00.62
1615648741175721984,RT @Mippcivzla: #PublicacionesMippCI üìö | Temblor De P√°jaros. Descargue aqu√≠ üì• https://t.co/fuJcU6x24x https://t.co/cdCqfZDXPE,es,1549917387859935233,2023-01-18 10:54:17.824
1615648807009615872,RT @Mippcivzla: #PublicacionesMippCI üìö | Temblor De P√°jaros. Descargue aqu√≠ üì• https://t.co/fuJcU6x24x https://t.co/cdCqfZDXPE,es,1611061845502136344,2023-01-18 10:54:33.8
,,,,2023-01-18 10:55:33.599
1615649136962932737,"üìå #ElObservatorioInforma Sismo mag. 2.9, en territorio Guatemalteco. A 8.0 km al noroeste de San Lorenzo. Prof. 5 km. [2023-01-18, 03:45:03] https://t.co/oJbCy3DUgB",es,148411366,2023-01-18 10:55:52.709
